species,decimallongitude,decimallatitude
Q_douglasii,-121.088944,38.684467
Q_douglasii,-121.697919,37.577041
Q_douglasii,-121.182492,36.490566
Q_douglasii,-121.723015,37.094387
Q_douglasii,-121.217889,36.502228
Q_douglasii,-121.256151,38.846323
Q_douglasii,-121.747841,38.536515
Q_douglasii,-121.531487,37.18243
Q_douglasii,-121.489167,37.391362
Q_douglasii,-121.864364,37.956845
Q_douglasii,-122.354744,38.504575
Q_douglasii,-121.94962,37.910956
Q_douglasii,-121.825219,37.529322
Q_douglasii,-121.825303,37.529372
Q_douglasii,-122.491587,38.010361
Q_douglasii,-119.548132,37.038941
Q_douglasii,-121.914153,37.881591
Q_douglasii,-120.8313,36.363647
Q_douglasii,-120.043144,34.691713
Q_douglasii,-118.834922,36.491143
Q_douglasii,-121.535704,37.186101
Q_douglasii,-121.517263,37.173613
Q_douglasii,-121.514023,37.168618
Q_douglasii,-121.531488,37.181985
Q_douglasii,-119.015983,36.627105
Q_douglasii,-121.734958,37.162869
Q_douglasii,-122.688257,38.048764
Q_douglasii,-118.489599,35.10417
Q_douglasii,-118.536026,35.316083
Q_douglasii,-118.422921,35.383087
Q_douglasii,-122.173759,37.423008
Q_douglasii,-120.84779,35.77026
Q_douglasii,-119.078333,35.353889
Q_douglasii,-122.721667,38.648889
Q_douglasii,-119.876111,37.460278
Q_douglasii,-118.314,33.33
Q_douglasii,-122.1833,37.4308
Q_douglasii,-118.418627,33.349817
Q_douglasii,-118.843056,34.834722
Q_douglasii,-122.0985,37.3646
Q_douglasii,-122.1736,37.425
Q_douglasii,-121.9503,37.8749
Q_douglasii,-121.643097,37.342098
Q_douglasii,-123.199,39.1506
Q_douglasii,-122.1736,37.425
Q_douglasii,-121.9503,37.8749
Q_douglasii,-121.658333,37.341667
Q_douglasii,-118.844593,36.326153
Q_douglasii,-122.1863,37.3999
Q_douglasii,-122.1736,37.425
Q_douglasii,-121.941345,40.79400755
Q_douglasii,-123.0886,39.8449
Q_douglasii,-122.1736,37.425
Q_douglasii,-121.658333,37.341667
Q_douglasii,-122.1736,37.425
Q_douglasii,-121.8614,37.5595
Q_douglasii,-119.416667,36.958333
Q_douglasii,-123.0412,39.4182
Q_douglasii,-118.408885,33.33164
Q_douglasii,-121.85,37.161667
Q_douglasii,-121.9503,37.8749
Q_douglasii,-122.0985,37.3646
Q_douglasii,-122.0344,37.2202
Q_douglasii,-121.9503,37.8749
Q_douglasii,-122.513966,37.991143
Q_douglasii,-123.08322,38.92536
Q_douglasii,-120.9341164,38.35608788
Q_douglasii,-121.6585,37.3785
Q_douglasii,-121.9421,37.8727
Q_douglasii,-121.9503,37.8749
Q_douglasii,-118.44193,33.345443
Q_douglasii,-121.9474,37.8986
Q_douglasii,-122.630209,38.668465
Q_douglasii,-122.866667,39.116667
Q_douglasii,-121.6585,37.3785
Q_douglasii,-122.0567,37.9074
Q_douglasii,-122.1898,37.3539
Q_douglasii,-121.344444,39.495278
Q_douglasii,-122.544129,37.977041
Q_douglasii,-121.643097,37.342098
Q_douglasii,-118.4341705,33.35405416
Q_douglasii,-119.078333,35.353889
Q_douglasii,-122.721667,38.648889
Q_douglasii,-119.876111,37.460278
Q_douglasii,-118.740385,36.429508
Q_douglasii,-121.943373,37.918837
Q_douglasii,-121.734523,37.168483
Q_douglasii,-122.853547,39.47569
Q_douglasii,-121.244761,38.752887
Q_douglasii,-122.616889,37.956668
Q_douglasii,-121.748528,37.867138
Q_douglasii,-118.830071,36.223127
Q_douglasii,-118.830054,36.223261
Q_douglasii,-122.033794,37.895768
Q_douglasii,-118.656395,34.774642
Q_douglasii,-121.949905,37.87722
Q_douglasii,-122.2603,40.251544
Q_douglasii,-120.482858,35.457187
Q_douglasii,-120.850962,36.360447
Q_douglasii,-122.334911,38.819892
Q_douglasii,-122.514086,38.360551
Q_douglasii,-121.917041,37.86001
Q_douglasii,-122.030976,37.8971
Q_douglasii,-122.243538,38.279727
Q_douglasii,-121.192353,38.672782
Q_douglasii,-122.745247,38.609604
Q_douglasii,-122.783669,38.611702
Q_douglasii,-120.668563,36.42463
Q_douglasii,-121.208874,36.493012
Q_douglasii,-122.128583,37.983913
Q_douglasii,-122.134597,37.984949
Q_douglasii,-122.132089,37.98575
Q_douglasii,-122.130707,37.984499
Q_douglasii,-121.02713,39.285098
Q_douglasii,-121.95153,37.915337
Q_douglasii,-123.068247,39.015122
Q_douglasii,-121.641177,37.156984
Q_douglasii,-122.61767,38.64347
Q_douglasii,-122.33935,38.773
Q_douglasii,-122.62332,38.91997
Q_douglasii,-122.2353,38.5709
Q_douglasii,-121.78216,39.22895
Q_douglasii,-122.80254,38.99961
Q_douglasii,-122.40563,38.56388
Q_douglasii,-122.511255,39.056683
Q_douglasii,-118.697571,34.858453
Q_douglasii,-120.975687,38.943558
Q_douglasii,-121.226739,36.462352
Q_douglasii,-121.886693,37.898557
Q_douglasii,-120.000817,34.742887
Q_douglasii,-121.768203,39.220281
Q_douglasii,-121.22037,36.477555
Q_douglasii,-121.664789,37.329435
Q_douglasii,-122.45121,39.027719
Q_douglasii,-118.693722,34.854581
Q_douglasii,-118.692055,34.853508
Q_douglasii,-121.466194,37.075861
Q_douglasii,-121.114319,36.658312
Q_douglasii,-120.049558,34.742533
Q_douglasii,-121.732675,37.389497
Q_douglasii,-121.792998,37.819679
Q_douglasii,-121.734395,37.169427
Q_douglasii,-120.431278,38.026765
Q_douglasii,-122.254188,38.349513
Q_douglasii,-122.318916,38.299723
Q_douglasii,-118.765139,36.522473
Q_douglasii,-122.06562,37.288311
Q_douglasii,-120.879679,38.767132
Q_douglasii,-122.72455,38.5957
Q_douglasii,-121.942574,37.91909
Q_douglasii,-120.515461,36.093235
Q_douglasii,-122.529091,38.12661
Q_douglasii,-122.322335,38.912541
Q_douglasii,-122.13546,37.95303
Q_douglasii,-118.50345,35.176336
Q_douglasii,-122.50724,38.369273
Q_douglasii,-121.43,36.08
Q_douglasii,-122.140009,37.955428
Q_douglasii,-121.201212,36.502297
Q_douglasii,-121.806772,37.843478
Q_douglasii,-121.897955,37.864758
Q_douglasii,-122.328904,39.307474
Q_douglasii,-118.727352,34.997063
Q_douglasii,-122.173672,37.416113
Q_douglasii,-118.428,33.342
Q_douglasii,-122.2275,37.408
Q_douglasii,-122.2275,37.408
Q_douglasii,-122.507255,38.369206
Q_douglasii,-121.99528,39.22583
Q_douglasii,-120.108,35.1025
Q_douglasii,-118.744964,35.022656
Q_douglasii,-122.33935,38.773
Q_douglasii,-122.62332,38.91997
Q_douglasii,-119.789839,34.543483
Q_douglasii,-121.21889,38.65722
Q_douglasii,-122.12083,38.36611
Q_douglasii,-121.2328696,39.20092163
Q_douglasii,-121.645851,37.03286427
Q_douglasii,-122.9369814,39.22943179
Q_douglasii,-119.980836,37.579248
Q_douglasii,-119.8509765,34.04335524
Q_douglasii,-123.1492226,39.8071941
Q_douglasii,-118.715764,34.74121505
Q_douglasii,-121.9119,37.2459
Q_douglasii,-120.053,34.748
Q_douglasii,-118.7727,34.925
Q_douglasii,-119.725,33.977
Q_douglasii,-120.7051,38.3847
Q_douglasii,-120.9341164,38.35608788
Q_douglasii,-122.8455,40.3246
Q_douglasii,-118.4341705,33.35405416
Q_douglasii,-118.44193,33.345443
Q_douglasii,-118.418627,33.349817
Q_douglasii,-118.314,33.33
Q_douglasii,-118.408885,33.33164
Q_douglasii,-120.570236,37.80745541
Q_douglasii,-119.9603198,37.64566372
Q_douglasii,-121.5014448,36.79637097
Q_douglasii,-122.5338788,38.47208336
Q_douglasii,-120.1684226,37.48296568
Q_douglasii,-121.6599923,40.10640151
Q_douglasii,-119.9969207,37.64566344
Q_douglasii,-121.9067591,37.2093581
Q_douglasii,-121.760364,37.85964473
Q_douglasii,-120.9662,36.5035
Q_douglasii,-118.8703359,36.50327613
Q_douglasii,-118.8636234,34.84163029
Q_douglasii,-121.6434948,37.3413112
Q_douglasii,-119.175,34.91667
Q_douglasii,-121.9138578,37.88162301
Q_douglasii,-121.6924264,37.38318586
Q_douglasii,-121.7678961,37.53730178
Q_douglasii,-119.8165897,35.34621998
Q_douglasii,-121.6434948,37.3413112
Q_douglasii,-120.7861168,35.79800105
Q_douglasii,-119.1818704,34.90903618
Q_douglasii,-121.99528,39.22583
Q_douglasii,-122.07389,38.51417
Q_douglasii,-118.26333,35.36611
Q_douglasii,-120.95028,38.71167
Q_douglasii,-120.65,38.45
Q_douglasii,-121.07583,38.89667
Q_douglasii,-121.02083,39.00111
Q_douglasii,-121.2973,38.4815
Q_douglasii,-121.08861,38.81611
Q_douglasii,-121.55528,39.51389
Q_douglasii,-120.6202072,35.28841549
Q_douglasii,-121.8335665,37.91744288
Q_douglasii,-119.0572677,34.92313671
Q_douglasii,-120.1477924,34.91172904
Q_douglasii,-120.3114602,35.01378809
Q_douglasii,-120.0553881,34.70163542
Q_douglasii,-120.5065081,35.59480837
Q_douglasii,-120.9204514,38.37354063
Q_douglasii,-119.8343902,35.36061947
Q_douglasii,-119.2184716,34.93733516
Q_douglasii,-121.6924264,37.38318586
Q_douglasii,-121.5275198,37.62869668
Q_douglasii,-121.9421,37.8727
Q_douglasii,-121.9474,37.8986
Q_douglasii,-118.8279597,34.65524558
Q_douglasii,-121.2879296,35.92779391
Q_douglasii,-120.0672918,35.02372663
Q_douglasii,-118.7248594,34.85664088
Q_douglasii,-120.9115196,35.79800009
Q_douglasii,-120.2272996,35.40401541
Q_douglasii,-119.1131,34.8513
Q_douglasii,-120.7560148,35.68240423
Q_douglasii,-119.8568909,35.37244899
Q_douglasii,-121.2700314,36.11528934
Q_douglasii,-120.898333,38.449167
Q_douglasii,-119.9873,34.7345
Q_douglasii,-119.9873,34.7345
Q_douglasii,-122.149167,38.491667
Q_douglasii,-120.2066,37.849
Q_douglasii,-121.7425,39.7049
Q_douglasii,-121.1322,38.8742
Q_douglasii,-118.23722,35.35944
Q_douglasii,-118.26333,35.36611
Q_douglasii,-119.2184716,34.93733516
Q_douglasii,-120.2451996,35.36061641
Q_douglasii,-123.0842,39.0014
Q_douglasii,-123.0842,39.0014
Q_douglasii,-118.1061,34.2321
Q_douglasii,-121.658333,37.341667
Q_douglasii,-118.49083,35.09556
Q_douglasii,-121.8341911,39.7383066
Q_douglasii,-118.4322,33.4191
Q_douglasii,-119.8203,35.3526
Q_douglasii,-122.8502,40.3685
Q_douglasii,-122.340653,40.70018663
Q_douglasii,-118.72,34.5939
Q_douglasii,-122.340653,40.70018663
Q_douglasii,-118.58361,35.30389
Q_douglasii,-121.483,36.2348
Q_douglasii,-121.09528,38.52333
Q_douglasii,-118.8647,34.8414
Q_douglasii,-119.774,34.546
Q_douglasii,-119.774,34.546
Q_douglasii,-118.883,34.809
Q_douglasii,-118.6056,34.7346
Q_douglasii,-118.8951,34.8742
Q_douglasii,-120.7741,38.3518
Q_douglasii,-120.7739876,38.34863533
Q_douglasii,-120.8523454,38.03204834
Q_douglasii,-120.2285,35.2019
Q_douglasii,-120.2285,35.2019
Q_douglasii,-120.2285,35.2019
Q_douglasii,-120.2285,35.2019
Q_douglasii,-120.2285,35.2019
Q_douglasii,-120.2285,35.2019
Q_douglasii,-120.2285,35.2019
Q_douglasii,-121.0011613,36.624185
Q_douglasii,-121.0011613,36.624185
Q_douglasii,-118.33528,35.14806
Q_douglasii,-121.9867,38.35667
Q_douglasii,-120.5918,38.604
Q_douglasii,-119.985,34.7438
Q_douglasii,-121.6585,37.3785
Q_douglasii,-121.0814,36.5099
Q_douglasii,-121.0011613,36.624185
Q_douglasii,-121.0011613,36.624185
Q_douglasii,-121.0011613,36.624185
Q_douglasii,-121.0011613,36.624185
Q_douglasii,-121.0011613,36.624185
Q_douglasii,-121.0011613,36.624185
Q_douglasii,-121.2131056,37.06816888
Q_douglasii,-121.0011613,36.624185
Q_douglasii,-121.2131056,37.06816888
Q_douglasii,-121.2131056,37.06816888
Q_douglasii,-121.20583,37.48833
Q_douglasii,-121.20583,37.48833
Q_douglasii,-121.20583,37.48833
Q_douglasii,-121.20583,37.48833
Q_douglasii,-121.2131056,37.06816888
Q_douglasii,-121.2131056,37.06816888
Q_douglasii,-121.2131056,37.06816888
Q_douglasii,-121.2131056,37.06816888
Q_douglasii,-121.2131056,37.06816888
Q_douglasii,-121.2131056,37.06816888
Q_douglasii,-122.1706,37.4266
Q_douglasii,-120.0784047,37.81951902
Q_douglasii,-121.019,38.9207
Q_douglasii,-118.314,33.33
Q_douglasii,-121.20583,37.48833
Q_douglasii,-121.20583,37.48833
Q_douglasii,-121.20583,37.48833
Q_douglasii,-121.20583,37.48833
Q_douglasii,-123.0842,39.0014
Q_douglasii,-121.466111,37.075833
Q_douglasii,-121.7282007,37.65736243
Q_douglasii,-121.7282007,37.65736243
Q_douglasii,-121.7282007,37.65736243
Q_douglasii,-121.7282007,37.65736243
Q_douglasii,-121.7282007,37.65736243
Q_douglasii,-121.7282007,37.65736243
Q_douglasii,-121.7282007,37.65736243
Q_douglasii,-120.9341164,38.35608788
Q_douglasii,-121.344,35.973
Q_douglasii,-121.344,35.973
Q_douglasii,-119.9785,34.5804
Q_douglasii,-118.5525,35.1309
Q_douglasii,-120.7389,36.1983
Q_douglasii,-118.4814,35.5589
Q_douglasii,-119.9887,34.7355
Q_douglasii,-119.8305,34.544
Q_douglasii,-121.941345,40.79400755
Q_douglasii,-120.721944,38.2975
Q_douglasii,-123.0886,39.8449
Q_douglasii,-122.379,38.392
Q_douglasii,-122.02194,37.26389
Q_douglasii,-122.7406,38.8073
Q_douglasii,-119.711,34.44
Q_douglasii,-119.703,34.453
Q_douglasii,-119.682,34.017
Q_douglasii,-123.0342,38.8535
Q_douglasii,-122.40563,38.56388
Q_douglasii,-122.4667,38.5036
Q_douglasii,-121.1616,36.2107
Q_douglasii,-122.1724793,38.30623182
Q_douglasii,-119.9653,37.485
Q_douglasii,-119.369722,34.958056
Q_douglasii,-121.9163,37.8293
Q_douglasii,-121.794444,39.765556
Q_douglasii,-121.0814,36.5099
Q_douglasii,-120.8166143,38.78274319
Q_douglasii,-121.9948,38.3299
Q_douglasii,-121.87361,37.6625
Q_douglasii,-120.1294,34.7255
Q_douglasii,-120.8166143,38.78274319
Q_douglasii,-122.8474,38.549
Q_douglasii,-118.46639,35.68833
Q_douglasii,-122.2576,37.4177
Q_douglasii,-121.736944,39.773611
Q_douglasii,-120.0328,35.5256
Q_douglasii,-118.4814,35.5589
Q_douglasii,-118.4814,35.5589
Q_douglasii,-120.4312,35.8899
Q_douglasii,-118.5525,35.1309
Q_douglasii,-118.5525,35.1309
Q_douglasii,-118.9173316,36.46967458
Q_douglasii,-122.4551,38.5514
Q_douglasii,-122.80254,38.99961
Q_douglasii,-121.3333523,39.22025644
Q_douglasii,-121.4208339,39.19357022
Q_douglasii,-121.564167,39.603056
Q_douglasii,-122.186,40.186
Q_douglasii,-121.3078,36.0603
Q_douglasii,-121.2338293,36.00539237
Q_douglasii,-120.92389,38.31667
Q_douglasii,-120.5029,37.8827
Q_douglasii,-120.5029,37.8827
Q_douglasii,-119.706,34.445
Q_douglasii,-120.6967,35.4904
Q_douglasii,-122.4667,38.5036
Q_douglasii,-121.9138578,37.88162301
Q_douglasii,-123.118122,39.11825341
Q_douglasii,-121.9138578,37.88162301
Q_douglasii,-122.1724793,38.30623182
Q_douglasii,-122.1724793,38.30623182
Q_douglasii,-122.1724793,38.30623182
Q_douglasii,-121.9948,38.3299
Q_douglasii,-120.7575823,38.27548598
Q_douglasii,-119.1531,34.8967
Q_douglasii,-121.0748,38.9883
Q_douglasii,-120.7628724,38.73027467
Q_douglasii,-119.416667,36.958333
Q_douglasii,-122.81528,38.54722
Q_douglasii,-122.93528,39.2825
Q_douglasii,-121.93194,37.88861
Q_douglasii,-122.4596,38.5646
Q_douglasii,-122.4596,38.5646
Q_douglasii,-122.4596,38.5646
Q_douglasii,-122.4596,38.5646
Q_douglasii,-122.4596,38.5646
Q_douglasii,-122.81528,38.54722
Q_douglasii,-122.2649,40.2602
Q_douglasii,-120.988278,35.764306
Q_douglasii,-119.8509765,34.04335524
Q_douglasii,-119.816,34.012
Q_douglasii,-119.4489,36.7315
Q_douglasii,-118.8686,34.8439
Q_douglasii,-118.8686,34.8439
Q_douglasii,-118.8686,34.8439
Q_douglasii,-121.6585,37.3785
Q_douglasii,-122.3953,39.0229
Q_douglasii,-119.7897,34.5433
Q_douglasii,-119.8807,37.4624
Q_douglasii,-118.4288,35.7314
Q_douglasii,-118.4186,33.3498
Q_douglasii,-122.2256988,37.40831398
Q_douglasii,-120.7573,36.7445
Q_douglasii,-118.4512,33.3923
Q_douglasii,-118.7216,34.5985
Q_douglasii,-119.5131,37.0375
Q_douglasii,-118.8283,35.4673
Q_douglasii,-120.7573,36.7445
Q_douglasii,-122.047222,40.101944
Q_douglasii,-120.360506,36.1409357
Q_douglasii,-121.1754,36.5033
Q_douglasii,-120.0873,37.4377
Q_douglasii,-121.4161,41.125
Q_douglasii,-122.3953,39.0229
Q_douglasii,-118.5892,35.6513
Q_douglasii,-118.4982,35.5985
Q_douglasii,-121.4037,36.8538
Q_douglasii,-121.6058517,37.55991258
Q_douglasii,-123.248108,39.74755934
Q_douglasii,-120.4358,34.6819
Q_douglasii,-120.4358,34.6819
Q_douglasii,-120.481667,36.088611
Q_douglasii,-120.465833,36.098889
Q_douglasii,-120.481667,36.088611
Q_douglasii,-121.788333,38.186389
Q_douglasii,-120.9104,36.4591
Q_douglasii,-121.4356,36.1054
Q_douglasii,-120.4375,37.808333
Q_douglasii,-119.0494,36.6137
Q_douglasii,-120.0179,34.7832
Q_douglasii,-119.1764,34.9283
Q_douglasii,-122.2025,38.3766
Q_douglasii,-120.0619,34.7416
Q_douglasii,-122.16917,37.42722
Q_douglasii,-122.305833,40.112222
Q_douglasii,-123.199,39.1506
Q_douglasii,-122.7808,38.9399
Q_douglasii,-121.6429,37.3416
Q_douglasii,-121.55,39.583333
Q_douglasii,-122.1736,37.425
Q_douglasii,-121.489716,39.36472
Q_douglasii,-121.270763,38.63983235
Q_douglasii,-121.270763,38.63983235
Q_douglasii,-118.903,36.5696
Q_douglasii,-121.869222,40.43398411
Q_douglasii,-122.86806,38.61056
Q_douglasii,-122.1724793,38.30623182
Q_douglasii,-118.903,36.5696
Q_douglasii,-118.4801722,36.54510003
Q_douglasii,-120.9816,38.5629
Q_douglasii,-122.3119,38.52
Q_douglasii,-120.5601,38.7623
Q_douglasii,-119.1308,36.7525
Q_douglasii,-121.322,36.2088
Q_douglasii,-122.0567,37.9074
Q_douglasii,-121.6574984,37.6032252
Q_douglasii,-120.416667,34.666667
Q_douglasii,-118.8741723,34.80128329
Q_douglasii,-120.1581,38.4044
Q_douglasii,-121.5847125,39.53747538
Q_douglasii,-122.71,38.8102
Q_douglasii,-119.975,34.72833
Q_douglasii,-119.5997,34.0127
Q_douglasii,-122.3378,38.5402
Q_douglasii,-121.216667,38.883333
Q_douglasii,-118.2875,35.1893
Q_douglasii,-118.2875,35.1893
Q_douglasii,-122.2814,40.3522
Q_douglasii,-118.8767,34.8475
Q_douglasii,-122.308333,40.661389
Q_douglasii,-120.85778,38.46
Q_douglasii,-123.0842,39.0014
Q_douglasii,-121.5318,40.9835
Q_douglasii,-119.6153,34.6434
Q_douglasii,-123.0889483,38.90085896
Q_douglasii,-122.2414,40.1793
Q_douglasii,-122.4119,38.5609
Q_douglasii,-123.0886,39.8449
Q_douglasii,-121.78216,39.22895
Q_douglasii,-123.1341,39.8137
Q_douglasii,-123.1577,39.6843
Q_douglasii,-118.8865,34.869
Q_douglasii,-119.813,34.711
Q_douglasii,-119.5231,37.8048
Q_douglasii,-118.7026,35.7289
Q_douglasii,-121.9266063,40.63772623
Q_douglasii,-121.5342,36.3712
Q_douglasii,-120.416667,34.666667
Q_douglasii,-122.3626652,39.15300714
Q_douglasii,-122.3626652,39.15300714
Q_douglasii,-122.3626652,39.15300714
Q_douglasii,-122.3626652,39.15300714
Q_douglasii,-119.7096,36.9866
Q_douglasii,-119.7096,36.9866
Q_douglasii,-120.5630172,37.91682611
Q_douglasii,-120.5630172,37.91682611
Q_douglasii,-120.43462,37.94307
Q_douglasii,-120.43462,37.94307
Q_douglasii,-120.5630172,37.91682611
Q_douglasii,-120.5630172,37.91682611
Q_douglasii,-120.43462,37.94307
Q_douglasii,-120.43462,37.94307
Q_douglasii,-120.5630172,37.91682611
Q_douglasii,-120.5630172,37.91682611
Q_douglasii,-118.8589,35.6139
Q_douglasii,-118.8596,35.6139
Q_douglasii,-120.43462,37.94307
Q_douglasii,-122.3626652,39.15300714
Q_douglasii,-122.3626652,39.15300714
Q_douglasii,-119.6911,34.456
Q_douglasii,-120.43462,37.94307
Q_douglasii,-122.3626652,39.15300714
Q_douglasii,-122.3626652,39.15300714
Q_douglasii,-122.3626652,39.15300714
Q_douglasii,-120.43462,37.94307
Q_douglasii,-120.43462,37.94307
Q_douglasii,-120.43462,37.94307
Q_douglasii,-122.2192174,38.82881073
Q_douglasii,-122.2192174,38.82881073
Q_douglasii,-118.5373,35.2083
Q_douglasii,-122.2192174,38.82881073
Q_douglasii,-122.2192174,38.82881073
Q_douglasii,-122.2192174,38.82881073
Q_douglasii,-122.2192174,38.82881073
Q_douglasii,-122.3749,38.2528
Q_douglasii,-122.2192174,38.82881073
Q_douglasii,-122.2192174,38.82881073
Q_douglasii,-122.9944,38.8348
Q_douglasii,-120.5630172,37.91682611
Q_douglasii,-122.3749,38.2528
Q_douglasii,-122.3749,38.2528
Q_douglasii,-120.5630172,37.91682611
Q_douglasii,-122.3749,38.2528
Q_douglasii,-122.3749,38.2528
Q_douglasii,-122.3749,38.2528
Q_douglasii,-122.3749,38.2528
Q_douglasii,-122.3749,38.2528
Q_douglasii,-122.3749,38.2528
Q_douglasii,-118.5373,35.2083
Q_douglasii,-118.5373,35.2083
Q_douglasii,-118.5373,35.2083
Q_douglasii,-118.5373,35.2083
Q_douglasii,-118.5373,35.2083
Q_douglasii,-118.5373,35.2083
Q_douglasii,-118.5373,35.2083
Q_douglasii,-121.8014,36.4529
Q_douglasii,-121.6429,37.3416
Q_douglasii,-121.8014,36.4529
Q_douglasii,-119.6989727,34.00785735
Q_douglasii,-119.7256,33.972
Q_douglasii,-120.2285,35.2019
Q_douglasii,-120.2285,35.2019
Q_douglasii,-121.233641,36.002784
Q_douglasii,-121.794,39.2911
Q_douglasii,-121.9707,38.5255
Q_douglasii,-122.1868926,38.45621757
Q_douglasii,-121.3481316,35.98219207
Q_douglasii,-121.25,35.9415
Q_douglasii,-120.72194,38.2975
Q_douglasii,-122.12528,37.995277
Q_douglasii,-118.75667,34.66222
Q_douglasii,-121.78833,39.18639
Q_douglasii,-119.5371,37.0535
Q_douglasii,-121.5064,39.3606
Q_douglasii,-121.2099,36.4984
Q_douglasii,-120.84667,38.53972
Q_douglasii,-118.7727,34.925
Q_douglasii,-118.5525,35.1309
Q_douglasii,-118.6788,35.6969
Q_douglasii,-120.4375,37.808333
Q_douglasii,-122.6997,38.5716
Q_douglasii,-118.6788,35.6969
Q_douglasii,-118.6788,35.6969
Q_douglasii,-118.5525,35.1309
Q_douglasii,-118.5525,35.1309
Q_douglasii,-122.8947,40.5869
Q_douglasii,-121.175,35.9708
Q_douglasii,-122.2979,37.4641
Q_douglasii,-121.643097,37.342098
Q_douglasii,-121.731944,39.778056
Q_douglasii,-122.508611,39.07
Q_douglasii,-118.4814,35.5589
Q_douglasii,-118.7295,35.5728
Q_douglasii,-118.6103,35.7194
Q_douglasii,-118.6216,35.7403
Q_douglasii,-119.0807,34.9125
Q_douglasii,-118.4814,35.5589
Q_douglasii,-118.5293,35.4657
Q_douglasii,-119.813,35.3459
Q_douglasii,-119.813,35.3459
Q_douglasii,-119.813,35.3459
Q_douglasii,-119.1733,34.9194
Q_douglasii,-119.1604,34.9118
Q_douglasii,-119.1604,34.9118
Q_douglasii,-119.1733,34.9194
Q_douglasii,-119.813,35.3459
Q_douglasii,-119.1604,34.9118
Q_douglasii,-121.3333723,39.22022044
Q_douglasii,-121.9503,37.8749
Q_douglasii,-121.4481,39.2003
Q_douglasii,-120.996,35.9063
Q_douglasii,-122.45933,40.2275
Q_douglasii,-119.1733,34.9194
Q_douglasii,-119.1604,34.9118
Q_douglasii,-119.1604,34.9118
Q_douglasii,-119.1604,34.9118
Q_douglasii,-119.1604,34.9118
Q_douglasii,-119.1733,34.9194
Q_douglasii,-122.7244,39.6511
Q_douglasii,-118.9108,34.2154
Q_douglasii,-118.9108,34.2154
Q_douglasii,-118.9097,34.2154
Q_douglasii,-119.9717,34.7302
Q_douglasii,-122.033825,38.551767
Q_douglasii,-122.7661,38.9746
Q_douglasii,-122.452,39.0257
Q_douglasii,-121.759722,39.770278
Q_douglasii,-121.6413447,37.34224119
Q_douglasii,-120.058334,34.741669
Q_douglasii,-120.0356,34.7248
Q_douglasii,-118.8345,35.7043
Q_douglasii,-121.7677208,37.59505049
Q_douglasii,-122.1863,37.3999
Q_douglasii,-121.8925976,37.89853981
Q_douglasii,-119.7959,34.5405
Q_douglasii,-119.6756767,34.43894541
Q_douglasii,-119.706,34.445
Q_douglasii,-119.7116775,34.44294504
Q_douglasii,-118.8170696,36.49671868
Q_douglasii,-119.985,34.7438
Q_douglasii,-119.8509765,34.04335524
Q_douglasii,-120.064,34.7347
Q_douglasii,-122.1788,37.4198
Q_douglasii,-120.0185,34.7414
Q_douglasii,-121.94972,37.84278
Q_douglasii,-121.9691191,37.88184255
Q_douglasii,-119.7086,34.4638
Q_douglasii,-121.6058517,37.55991258
Q_douglasii,-118.8665,34.8444
Q_douglasii,-118.8665,34.8444
Q_douglasii,-119.9055,37.2161
Q_douglasii,-118.42306,35.30694
Q_douglasii,-118.843056,34.834722
Q_douglasii,-121.6585,37.3785
Q_douglasii,-120.8329,38.0958
Q_douglasii,-118.8665,34.8444
Q_douglasii,-118.8665,34.8444
Q_douglasii,-118.8665,34.8444
Q_douglasii,-119.769,34.0064
Q_douglasii,-122.9854,40.3711
Q_douglasii,-120.13222,37.56667
Q_douglasii,-121.088,38.3758
Q_douglasii,-122.164444,38.026943
Q_douglasii,-121.604756,37.560169
Q_douglasii,-121.559008,36.372153
Q_douglasii,-122.2341,38.3143
Q_douglasii,-119.739889,37.123697
Q_douglasii,-119.814861,35.347389
Q_douglasii,-121.104467,36.489647
Q_douglasii,-121.907053,37.853811
Q_douglasii,-120.481669,36.020819
Q_douglasii,-121.007025,35.905811
Q_douglasii,-121.911664,37.881464
Q_douglasii,-123.0873,39.0033
Q_douglasii,-121.3911,36.1046
Q_douglasii,-121.217711,37.110936
Q_douglasii,-119.6911,34.456
Q_douglasii,-121.86855,40.434536
Q_douglasii,-120.012061,35.525058
Q_douglasii,-120.8845,38.696947
Q_douglasii,-118.478092,35.555117
Q_douglasii,-118.5525,35.1309
Q_douglasii,-120.477344,36.020914
Q_douglasii,-118.742161,35.555614
Q_douglasii,-120.0784047,37.81951902
Q_douglasii,-119.774,34.546
Q_douglasii,-118.8999,34.88
Q_douglasii,-118.8999,34.88
Q_douglasii,-118.8999,34.88
Q_douglasii,-118.709,34.741
Q_douglasii,-118.8794,34.8201
Q_douglasii,-119.985,34.7438
Q_douglasii,-120.0873,37.4377
Q_douglasii,-119.7677,35.329
Q_douglasii,-119.8129,35.3457
Q_douglasii,-121.5143019,40.99948795
Q_douglasii,-119.706,34.445
Q_douglasii,-119.4032,34.9348
Q_douglasii,-120.794803,36.487192
Q_douglasii,-119.7103,34.4424
Q_douglasii,-123.256364,39.736067
Q_douglasii,-118.8665,34.8444
Q_douglasii,-118.8665,34.8444
Q_douglasii,-118.8665,34.8444
Q_douglasii,-118.8665,34.8444
Q_douglasii,-122.6040248,39.01218886
Q_douglasii,-120.794803,36.487192
Q_douglasii,-120.917322,36.854639
Q_douglasii,-121.82,39.185
Q_douglasii,-118.4212,35.3069
Q_douglasii,-122.029322,38.48655
Q_douglasii,-122.113372,38.414586
Q_douglasii,-120.289408,35.344661
Q_douglasii,-121.425217,36.106044
Q_douglasii,-120.895142,35.811039
Q_douglasii,-121.006875,36.624981
Q_douglasii,-122.296325,38.619483
Q_douglasii,-122.0752,38.289056
Q_douglasii,-118.216419,35.372394
Q_douglasii,-122.296325,38.619483
Q_douglasii,-119.6933,34.4567
Q_douglasii,-119.178347,34.989931
Q_douglasii,-121.217711,37.110936
Q_douglasii,-121.494081,40.991881
Q_douglasii,-120.7524,38.7327
Q_douglasii,-122.011794,38.523503
Q_douglasii,-119.178347,34.989931
Q_douglasii,-120.324722,37.98455
Q_douglasii,-121.69325,36.420806
Q_douglasii,-120.170739,37.480097
Q_douglasii,-120.858078,35.814461
Q_douglasii,-120.178925,35.712733
Q_douglasii,-119.6911,34.456
Q_douglasii,-119.703,34.454
Q_douglasii,-122.00755,38.526989
Q_douglasii,-119.706919,34.441575
Q_douglasii,-119.7075,34.453
Q_douglasii,-119.7075,34.453
Q_douglasii,-121.516311,36.369067
Q_douglasii,-119.703,34.454
Q_douglasii,-121.057606,36.464008
Q_douglasii,-122.342778,38.839722
Q_douglasii,-119.814861,35.347389
Q_douglasii,-119.172806,34.986042
Q_douglasii,-118.490569,35.586064
Q_douglasii,-123.118292,39.249444
Q_douglasii,-119.814861,35.347389
Q_douglasii,-121.322269,38.880681
Q_douglasii,-121.559008,36.372153
Q_douglasii,-121.559008,36.372153
Q_douglasii,-119.984,34.743
Q_douglasii,-118.639875,35.030992
Q_douglasii,-119.5371,37.0535
Q_douglasii,-120.5398,38.0723
Q_douglasii,-122.630209,38.668465
Q_douglasii,-122.5106035,39.50330521
Q_douglasii,-122.0985,37.3646
Q_douglasii,-122.1833,37.4308
Q_douglasii,-121.9503,37.8749
Q_douglasii,-121.9503,37.8749
Q_douglasii,-122.1736,37.425
Q_douglasii,-122.4363,38.3714
Q_douglasii,-119.836117,35.345764
Q_douglasii,-119.178347,34.989931
Q_douglasii,-122.445186,38.195333
Q_douglasii,-121.006875,36.624981
Q_douglasii,-120.810375,36.493989
Q_douglasii,-122.079786,38.298756
Q_douglasii,-119.706,34.445
Q_douglasii,-120.613953,36.324258
Q_douglasii,-120.583158,37.906292
Q_douglasii,-122.1923,37.4139
Q_douglasii,-120.583158,37.906292
Q_douglasii,-122.2765,38.2742
Q_douglasii,-121.1984341,36.48288087
Q_douglasii,-121.1984341,36.48288087
Q_douglasii,-121.1984341,36.48288087
Q_douglasii,-120.7103,38.3024
Q_douglasii,-119.0807,34.9125
Q_douglasii,-118.4082,33.3307
Q_douglasii,-118.6508822,35.73680353
Q_douglasii,-122.8847,40.3632
Q_douglasii,-118.5178,35.5178
Q_douglasii,-122.544129,37.977041
Q_douglasii,-121.1145,36.1147
Q_douglasii,-120.017,34.783
Q_douglasii,-122.0985,37.3646
Q_douglasii,-120.0923,37.4291
Q_douglasii,-121.1145,36.1147
Q_douglasii,-118.8767,34.8475
Q_douglasii,-118.913,34.8907
Q_douglasii,-121,38.378333
Q_douglasii,-121.019,38.9207
Q_douglasii,-122.3378,38.5402
Q_douglasii,-121.3021,38.2603
Q_douglasii,-122.5086,39.07
Q_douglasii,-118.9095,34.2144
Q_douglasii,-122.2649,40.2602
Q_douglasii,-121.1438259,35.89089595
Q_douglasii,-122.5831,40.6525
Q_douglasii,-123.0412,39.4182
Q_douglasii,-118.7221,34.5984
Q_douglasii,-120.481667,36.083056
Q_douglasii,-118.6582,35.2639
Q_douglasii,-120.8542913,37.70770533
Q_douglasii,-120.8542913,37.70770533
Q_douglasii,-121.3333723,39.22022044
Q_douglasii,-121.4481,39.2003
Q_douglasii,-122.0542824,37.20924192
Q_douglasii,-118.3809,34.5022
Q_douglasii,-121.1374,36.3511
Q_douglasii,-118.8698,34.8487
Q_douglasii,-119.8293,35.001
Q_douglasii,-121.9234,40.8415
Q_douglasii,-121.9128,37.8817
Q_douglasii,-122.9944,38.8348
Q_douglasii,-122.7661,38.9746
Q_douglasii,-121.3541,39.2437
Q_douglasii,-119.8229,34.5437
Q_douglasii,-122.2649,40.2602
Q_douglasii,-118.8741723,34.80128329
Q_douglasii,-122.1736,37.425
Q_douglasii,-121.9753,40.4064
Q_douglasii,-121.9753,40.4064
Q_douglasii,-121.125,36.2128
Q_douglasii,-118.7235,34.7105
Q_douglasii,-121.7738,39.7726
Q_douglasii,-122.391667,40.587778
Q_douglasii,-121.658333,37.341667
Q_douglasii,-119.6971,34.4562
Q_douglasii,-122.866667,39.116667
Q_douglasii,-121.3482,35.9816
Q_douglasii,-118.2565,35.105
Q_douglasii,-121.178,35.9695
Q_douglasii,-118.2565,35.105
Q_douglasii,-121.3482,35.9816
Q_douglasii,-119.699,34.444
Q_douglasii,-122.2275,37.408
Q_douglasii,-122.2275,37.408
Q_douglasii,-122.121944,38.206944
Q_douglasii,-119.703,34.454
Q_douglasii,-121.30778,36.05833
Q_douglasii,-122.1755,39.012
Q_douglasii,-119.9653,37.485
Q_douglasii,-122.182469,38.375261
Q_douglasii,-119.872281,37.459797
Q_douglasii,-120.230122,38.124319
Q_douglasii,-118.3048523,35.09753749
Q_douglasii,-122.550233,39.39205
Q_douglasii,-118.526694,35.480997
Q_douglasii,-119.792603,34.970619
Q_douglasii,-118.2726516,35.10413755
Q_douglasii,-122.8148,39.0177
Q_douglasii,-118.7279,35.4383
Q_douglasii,-118.7529,35.4131
Q_douglasii,-118.6738,35.5152
Q_douglasii,-122.8071,38.9797
Q_douglasii,-118.466111,35.166111
Q_douglasii,-120.877864,35.950714
Q_douglasii,-119.706919,34.441575
Q_douglasii,-120.478833,36.043878
Q_douglasii,-122.372636,38.25025
Q_douglasii,-119.178347,34.989931
Q_douglasii,-120.300131,35.018144
Q_douglasii,-118.478092,35.555117
Q_douglasii,-118.822422,34.666994
Q_douglasii,-120.810375,36.493989
Q_douglasii,-121.31264,39.24896
Q_douglasii,-118.8345,35.7043
Q_douglasii,-118.8345,35.7043
Q_douglasii,-118.7529,35.4131
Q_douglasii,-121.253592,38.7537
Q_douglasii,-121.369058,35.98005
Q_douglasii,-121.217314,37.110803
Q_douglasii,-121.342406,37.424028
Q_douglasii,-123.255356,39.174325
Q_douglasii,-120.448539,37.651192
Q_douglasii,-121.056214,38.659053
Q_douglasii,-120.840597,38.574344
Q_douglasii,-121.056214,38.659053
Q_douglasii,-121.384519,36.362781
Q_douglasii,-118.626383,35.738864
Q_douglasii,-118.610636,35.719172
Q_douglasii,-119.792603,34.970619
Q_douglasii,-119.178347,34.989931
Q_douglasii,-120.434281,37.942653
Q_douglasii,-122.182469,38.375261
Q_douglasii,-119.808814,35.343533
Q_douglasii,-119.178347,34.989931
Q_douglasii,-122.564203,39.611233
Q_douglasii,-121.6585,37.3785
Q_douglasii,-120.230122,38.124319
Q_douglasii,-121.384519,36.362781
Q_douglasii,-118.9117,34.888369
Q_douglasii,-120.291822,35.391022
Q_douglasii,-122.489178,38.433581
Q_douglasii,-122.019367,38.498247
Q_douglasii,-121.283722,39.243056
Q_douglasii,-121.034775,39.235767
Q_douglasii,-121.723744,37.654078
Q_douglasii,-120.89833,38.44917
Q_douglasii,-122.4391,38.5142
Q_douglasii,-122.4482,38.534686
Q_douglasii,-123.0842,39.0014
Q_douglasii,-123.0842,39.0014
Q_douglasii,-123.0842,39.0014
Q_douglasii,-122.223272,40.092978
Q_douglasii,-123.0842,39.0014
Q_douglasii,-122.4391,38.5142
Q_douglasii,-122.3,40.55
Q_douglasii,-122.2444,37.872
Q_douglasii,-120.3344,35.4585
Q_douglasii,-121.523601,40.92088911
Q_douglasii,-120.5493,36.1018
Q_douglasii,-121.523601,40.92088911
Q_douglasii,-121.3151,39.2425
Q_douglasii,-121.7306,39.8004
Q_douglasii,-119.8342,37.5181
Q_douglasii,-120.7741,38.3518
Q_douglasii,-121.5846825,39.53751238
Q_douglasii,-121.4731,38.637
Q_douglasii,-118.8929,34.873
Q_douglasii,-121.9503,37.8749
Q_douglasii,-118.237222,35.359444
Q_douglasii,-118.263333,35.366111
Q_douglasii,-123.08472,39.00167
Q_douglasii,-121.193889,38.647222
Q_douglasii,-121.8614,37.5595
Q_douglasii,-121.9163,37.8293
Q_douglasii,-122.3,40.55
Q_douglasii,-122.0344,37.2202
Q_douglasii,-121.816667,40.35
Q_douglasii,-120.48,36.0725
Q_douglasii,-120.48,36.0725
Q_douglasii,-120.48,36.0725
Q_douglasii,-120.48,36.0725
Q_douglasii,-120.48,36.0725
Q_douglasii,-120.2099,37.8435
Q_douglasii,-122.1736,37.425
Q_douglasii,-121.193889,38.647222
Q_douglasii,-120.7315,38.2714
Q_douglasii,-119.6929,34.4553
Q_douglasii,-119.6929,34.457
Q_douglasii,-119.706,34.445
Q_douglasii,-119.8807,37.4624
Q_douglasii,-121.2718,38.7047
Q_douglasii,-122.3187,38.9156
Q_douglasii,-119.711,34.44
Q_douglasii,-119.7103,34.4424
Q_douglasii,-123.0873,39.0033
Q_douglasii,-123.2544239,39.7304806
Q_douglasii,-122.9412062,38.98981144
Q_douglasii,-122.9412038,38.8169149
Q_douglasii,-123.112019,39.61949788
Q_douglasii,-120.335,35.45889
Q_douglasii,-122.409444,39.526389
Q_douglasii,-119.8071,34.0298
Q_douglasii,-119.6004,34.0128
Q_douglasii,-122.13147,37.98465
Q_douglasii,-120.5029,37.8827
Q_douglasii,-121.3333723,39.22022044
Q_douglasii,-121.6585,37.3785
Q_douglasii,-118.5611696,35.22351235
Q_douglasii,-121.0814,36.5099
Q_douglasii,-121.4481,39.2003
Q_douglasii,-119.19139,34.91667
Q_douglasii,-119.0807,34.9125
Q_douglasii,-123.0842,39.0014
Q_douglasii,-123.0842,39.0014
Q_douglasii,-123.0842,39.0014
Q_douglasii,-123.0842,39.0014
Q_douglasii,-121.5168,40.9861
Q_douglasii,-121.4892,39.3433
Q_douglasii,-121.344444,39.495278
Q_douglasii,-121.8217,39.2151
Q_douglasii,-123.0842,39.0014
Q_douglasii,-123.0842,39.0014
Q_douglasii,-123.0842,39.0014
Q_douglasii,-123.0842,39.0014
Q_douglasii,-123.0842,39.0014
Q_douglasii,-123.0842,39.0014
Q_douglasii,-123.0842,39.0014
Q_douglasii,-123.0842,39.0014
Q_douglasii,-123.0842,39.0014
Q_douglasii,-123.0842,39.0014
Q_douglasii,-121.1789,36.0014
Q_douglasii,-118.5725,35.3503
Q_douglasii,-121.1322,38.8742
Q_douglasii,-121.653328,37.130562
Q_douglasii,-120.4719225,36.04401725
Q_douglasii,-120.4719225,36.04401725
Q_douglasii,-120.4719225,36.04401725
Q_douglasii,-120.4719225,36.04401725
Q_douglasii,-120.4719225,36.04401725
Q_douglasii,-120.4719225,36.04401725
Q_douglasii,-120.4719225,36.04401725
Q_douglasii,-120.4719225,36.04401725
Q_douglasii,-123.0842,39.0014
Q_douglasii,-118.5097,35.5112
Q_douglasii,-119.6971,34.4562
Q_douglasii,-118.8,34.766667
Q_douglasii,-122.2654,38.5246
Q_douglasii,-120.6728,35.4885
Q_douglasii,-119.6922,34.456
Q_douglasii,-122.4282,38.6151
Q_douglasii,-119.1757,34.9315
Q_douglasii,-119.1757,34.9315
Q_douglasii,-118.7088,34.7398
Q_douglasii,-118.8665,34.8444
Q_douglasii,-122.915,40.5946
Q_douglasii,-122.7506,39.02
Q_douglasii,-119.1757,34.9315
Q_douglasii,-119.1757,34.9315
Q_douglasii,-119.1757,34.9315
Q_douglasii,-119.1757,34.9315
Q_douglasii,-119.1757,34.9315
Q_douglasii,-119.1757,34.9315
Q_douglasii,-119.1757,34.9315
Q_douglasii,-118.8,34.76667
Q_douglasii,-121.7862,39.2268
Q_douglasii,-121.9503,37.8749
Q_douglasii,-118.5755,35.0121
Q_douglasii,-121.547,36.2682
Q_douglasii,-118.407,35.3881
Q_douglasii,-120.1213,37.5834
Q_douglasii,-121.50361,39.38417
Q_douglasii,-118.6216,35.7403
Q_douglasii,-118.6103,35.7194
Q_douglasii,-122.2414,40.1793
Q_douglasii,-118.6204,35.7408
Q_douglasii,-119.8807,37.4624
Q_douglasii,-118.5062,35.554
Q_douglasii,-118.290098,35.66575294
Q_douglasii,-122.447,38.1522
Q_douglasii,-122.570556,39.482778
Q_douglasii,-120.3795,37.6409
Q_douglasii,-119.9154,37.4583
Q_douglasii,-118.4817,35.7131
Q_douglasii,-121.2582,39.0687
Q_douglasii,-118.6788,35.6969
Q_douglasii,-119.6462,37.2891
Q_douglasii,-120.5525,37.6373
Q_douglasii,-118.6788,35.6969
Q_douglasii,-118.6788,35.6969
Q_douglasii,-118.9486642,34.81994026
Q_douglasii,-122.3294,38.6276
Q_douglasii,-120.738515,35.74140285
Q_douglasii,-121.489722,39.364722
Q_douglasii,-121.466111,37.075833
Q_douglasii,-122.4951,38.6764
Q_douglasii,-122.1841681,37.42455095
Q_douglasii,-121.2443,38.8931
Q_douglasii,-119.416667,36.958333
Q_douglasii,-121.069722,38.530833
Q_douglasii,-121.75972,39.77028
Q_douglasii,-119.985,34.7438
Q_douglasii,-121.780833,39.776389
Q_douglasii,-119.8807,37.4624
Q_douglasii,-121.7282007,37.65736243
Q_douglasii,-121.7282007,37.65736243
Q_douglasii,-118.7295,35.5728
Q_douglasii,-122.353333,38.983056
Q_douglasii,-121.1683,36.6549
Q_douglasii,-120.6519,35.3134
Q_douglasii,-120.233611,35.2025
Q_douglasii,-119.712,34.441
Q_douglasii,-119.706,34.445
Q_douglasii,-122.513966,37.991143
Q_douglasii,-121.387,36.087
Q_douglasii,-122.4516,39.0287
Q_douglasii,-120.7051,38.3847
Q_douglasii,-121.1249,38.8255
Q_douglasii,-120.9287,35.6043
Q_douglasii,-121.5455,36.3765
Q_douglasii,-119.175,34.916667
Q_douglasii,-122.1736,37.425
Q_douglasii,-121.643097,37.342098
Q_douglasii,-122.5468,38.3543
Q_douglasii,-119.1757,34.9315
Q_douglasii,-118.7112,34.7395
Q_douglasii,-118.63333,35.25
Q_douglasii,-120.0719,34.7389
Q_douglasii,-118.7218,34.599
Q_douglasii,-123.6368,41.0085
Q_douglasii,-118.5725,35.35028
Q_douglasii,-120.5825,36.0317
Q_douglasii,-122.2274,37.4034
Q_douglasii,-121.9503,37.8749
Q_douglasii,-120.6405,35.3245
Q_douglasii,-122.1898,37.3539
Q_douglasii,-119.7063,34.445
Q_douglasii,-121.775833,39.7725
Q_douglasii,-120.079167,35.099167
Q_douglasii,-122.0088,39.0052
Q_douglasii,-120.085,35.102778
Q_douglasii,-119.177222,34.922778
Q_douglasii,-121.547,36.2682
Q_douglasii,-123.16239,39.23797
Q_douglasii,-123.16239,39.23797
Q_douglasii,-123.16239,39.23797
Q_douglasii,-121.85,37.161667
Q_douglasii,-122.5552,40.2696
Q_douglasii,-121.6353,39.6449
Q_douglasii,-122.2353,38.5709
Q_douglasii,-121.9128,37.8817
Q_douglasii,-121.9128,37.8817
Q_douglasii,-122.4391,38.5142
Q_douglasii,-122.4391,38.5142
Q_douglasii,-122.4391,38.5142
Q_douglasii,-120.8927189,35.77390085
Q_douglasii,-118.6335,35.2642
Q_douglasii,-118.8636234,34.84163029
Q_douglasii,-118.83944,35.64739
Q_douglasii,-119.7016775,34.45794469
Q_douglasii,-119.7083,34.4634
Q_douglasii,-119.7082,34.4442
Q_douglasii,-119.7017,34.445
Q_douglasii,-122.7506,39.02
Q_douglasii,-122.8964,40.5945
Q_douglasii,-119.6911,34.456
Q_douglasii,-119.703,34.454
Q_douglasii,-120.85306,38.15528
Q_douglasii,-118.6296597,35.09193531
Q_douglasii,-122.937222,39.435556
Q_douglasii,-121.1907339,36.48038099
Q_douglasii,-122.5391056,39.60473807
Q_douglasii,-122.5236,39.5889
Q_douglasii,-122.5236,39.5889
Q_douglasii,-120.558521,38.435727
Q_douglasii,-121.910578,37.886954
Q_douglasii,-121.219458,38.652888
Q_douglasii,-122.5742,38.595869
Q_douglasii,-121.467735,37.123755
Q_douglasii,-121.403521,39.227111
Q_douglasii,-121.313718,39.249812
Q_douglasii,-121.184371,36.483479
Q_douglasii,-119.590195,37.0162
Q_douglasii,-119.450917,37.149817
Q_douglasii,-119.467172,37.149356
Q_douglasii,-121.8855,37.213378
Q_douglasii,-123.093544,39.333385
Q_douglasii,-122.858175,38.633534
Q_douglasii,-122.858175,38.633534
Q_douglasii,-123.030396,38.709304
Q_douglasii,-118.828769,36.222673
Q_douglasii,-122.790783,38.565357
Q_douglasii,-121.861398,37.971782
Q_douglasii,-123.227667,39.161667
Q_douglasii,-121.940167,37.918333
Q_douglasii,-122.684667,38.583333
Q_douglasii,-122.050656,37.823127
Q_douglasii,-121.518732,37.176212
Q_douglasii,-121.792306,37.143429
Q_douglasii,-120.049598,34.74258
Q_douglasii,-120.013782,34.739763
Q_douglasii,-121.943199,37.918777
Q_douglasii,-121.187568,39.293474
Q_douglasii,-122.215363,37.400059
Q_douglasii,-122.731499,38.598961
Q_douglasii,-122.927291,38.809947
Q_douglasii,-121.168391,38.781031
Q_douglasii,-120.046174,34.742606
Q_douglasii,-122.523611,39.588889
Q_douglasii,-122.523611,39.588889
Q_douglasii,-121.315573,36.240107
Q_douglasii,-122.458056,38.291944
Q_douglasii,-119.966389,37.485
Q_douglasii,-122.458056,38.291944
Q_douglasii,-122.1225,40.28138
Q_douglasii,-121.466111,37.075833
Q_douglasii,-121.74644,38.53941
Q_douglasii,-121.7478,38.53653
Q_douglasii,-121.748091,38.536217
Q_douglasii,-121.763953,38.528548
Q_douglasii,-121.764036,38.528689
Q_douglasii,-121.764008,38.528207
Q_douglasii,-121.094279,35.689913
Q_douglasii,-119.873868,37.462198
Q_douglasii,-120.359646,35.462482
Q_douglasii,-120.721944,38.2975
Q_douglasii,-121.788333,38.186389
Q_douglasii,-120.522778,35.518889
Q_douglasii,-121,38.400002
Q_douglasii,-120.52278,35.51889
Q_douglasii,-120.633333,35.35
Q_douglasii,-122.353333,38.983056
Q_douglasii,-122.149167,38.491667
Q_douglasii,-122.342778,38.839722
Q_douglasii,-121.069722,38.530833
Q_douglasii,-122.3,40.55
Q_douglasii,-121.31264,39.24896
Q_douglasii,-119.984,34.743
Q_douglasii,-122.1868926,38.45621757
Q_douglasii,-121.3151,39.2425